Date,Price,Open,High,Low,Vol.,Change %
2021-02-23,53.31,54,54,53.21,137.90M,-1.73%
2021-02-22,54.25,55.72,55.8,54.2,105.12M,-2.64%
2021-02-19,55.72,57.39,57.39,55.31,58.63M,0.76%
2021-02-18,55.3,55.06,56.27,55.06,79.19M,-0.81%
2021-02-17,55.75,57,57,55.36,141.81M,-2.45%
2021-02-16,57.15,56.35,57.7,56.1,60.59M,0.40%
2021-02-15,56.92,56.26,56.95,56.26,20.10M,1.01%
2021-02-12,56.35,56.6,56.85,56,37.90M,-0.12%
2021-02-11,56.42,57.41,57.5,56.42,35.26M,-1.71%
2021-02-10,57.4,57.5,57.75,56.51,48.53M,0.72%
2021-02-09,56.99,55.65,56.99,55.12,49.31M,3.43%
2021-02-08,55.1,56.79,56.8,54,93.18M,-2.27%
2021-02-05,56.38,56.01,56.69,55.72,39.20M,0.97%
2021-02-04,55.84,55.5,55.86,55.01,55.37M,1.05%
2021-02-03,55.26,56,56,53.27,97.75M,1.02%
2021-02-02,54.7,55,55.99,54,100.47M,0.37%
2021-02-01,54.5,54.5,55,54.01,48.67M,2.44%
2021-01-29,53.2,55.5,56,53.09,124.72M,-3.27%
2021-01-28,55,55.02,55.5,54.74,71.28M,-0.90%
2021-01-27,55.5,56,56.79,55.02,46.54M,-1.25%
2021-01-26,56.2,57.5,58,56.01,59.03M,-0.78%
2021-01-25,56.64,58.39,59,56.01,70.46M,-2.02%
2021-01-22,57.81,59.9,60.78,57.35,40.29M,-3.81%
2021-01-21,60.1,61.2,62.49,60.1,21.52M,-1.56%
2021-01-20,61.05,61.51,62.51,60.47,40.92M,-0.73%
2021-01-19,61.5,62,62.5,61.5,65.52M,-0.81%
2021-01-18,62,61.16,62.51,59.6,26.28M,2.39%
2021-01-15,60.55,61.5,61.5,60,24.51M,-1.66%
2021-01-14,61.57,63,63,61.5,35.04M,-1.80%
2021-01-13,62.7,64.02,65,61.8,65.18M,-1.24%
2021-01-12,63.49,63.1,64,63.01,69.35M,0.62%
2021-01-11,63.1,64.58,64.58,62.31,72.92M,-2.31%
2021-01-08,64.59,62.79,64.59,62.06,94.31M,2.87%
2021-01-07,62.79,59.3,62.79,59.3,61.87M,6.60%
2021-01-06,58.9,57.99,60.11,57.38,49.81M,1.55%
2021-01-05,58,56.57,58,55.63,90.40M,2.49%
2021-01-04,56.59,55.22,56.59,55.22,50.11M,2.52%
2020-12-31,55.2,55.2,55.2,55.2,-,0.00%
2020-12-30,55.2,54.55,56.01,54.55,56.09M,0.18%
2020-12-29,55.1,55.65,56.25,55.1,37.49M,0.00%
2020-12-28,55.1,56,56,55.01,45.89M,0.18%
2020-12-24,55,53.93,55.5,53.93,8.74M,0.97%
2020-12-23,54.47,55.74,55.75,54.1,21.73M,-0.42%
2020-12-22,54.7,55.75,57,54.02,47.25M,-1.88%
2020-12-21,55.75,56.98,56.98,54.54,29.84M,-2.19%
2020-12-18,57,55.35,57,55,112.83M,3.66%
2020-12-17,54.99,54.25,55.35,54.25,55.52M,1.46%
2020-12-16,54.2,53.92,54.73,53.5,71.92M,1.50%
2020-12-15,53.4,54,54.39,53.4,50.66M,-0.74%
2020-12-14,53.8,56,56,53.53,23.07M,-0.19%
2020-12-11,53.9,55,55.55,53.55,35.66M,-1.46%
2020-12-10,54.7,55.91,55.93,54.7,47.47M,-1.16%
2020-12-09,55.34,56,57,55.2,28.01M,-1.64%
2020-12-07,56.26,58,58.6,56.14,28.52M,-4.48%
2020-12-04,58.9,58,59.5,58,37.15M,0.68%
2020-12-03,58.5,57.18,58.5,56.03,60.26M,2.24%
2020-12-02,57.22,53.78,57.22,53.4,60.65M,6.95%
2020-12-01,53.5,53.91,54.06,53.1,113.83M,0.81%
2020-11-30,53.07,57.19,57.19,53.07,208.05M,-4.38%
2020-11-27,55.5,56.8,56.8,55,34.25M,-2.55%
2020-11-26,56.95,57.69,57.7,55.44,16.02M,1.48%
2020-11-25,56.12,57.72,57.88,55.3,30.94M,-2.77%
2020-11-24,57.72,55.3,57.89,54.81,67.17M,4.38%
2020-11-23,55.3,54.4,55.3,53.41,26.21M,2.73%
2020-11-20,53.83,53.66,55,53.3,24.15M,0.30%
2020-11-19,53.67,55.75,55.75,53.67,37.15M,-3.73%
2020-11-18,55.75,55.01,55.75,54.58,31.60M,1.79%
2020-11-17,54.77,55.93,55.93,54.01,73.34M,-2.20%
2020-11-16,56,55.19,56.39,55.18,57.67M,1.49%
2020-11-13,55.18,55,55.18,54.26,49.35M,2.00%
2020-11-12,54.1,55,55,54.1,62.13M,-1.62%
2020-11-11,54.99,55.3,56.5,54.5,90.01M,-0.56%
2020-11-10,55.3,54.7,55.89,54.29,84.53M,0.78%
2020-11-09,54.87,54.57,54.99,53.39,72.61M,2.79%
2020-11-06,53.38,53,53.54,52.3,44.18M,0.23%
2020-11-05,53.26,50.69,53.26,50.69,45.47M,4.02%
2020-11-04,51.2,50,51.49,49.7,32.97M,2.40%
2020-11-03,50,52,52.3,49.58,52.12M,-3.10%
2020-11-02,51.6,51.89,52.42,51.08,23.77M,-0.56%
2020-10-30,51.89,51.2,52.01,50.88,55.14M,1.45%
2020-10-29,51.15,51.6,51.7,50.52,55.80M,-0.25%
2020-10-28,51.28,52.5,52.5,51,77.16M,-2.64%
2020-10-27,52.67,53.8,53.8,51.84,47.31M,-2.01%
2020-10-26,53.75,53.7,54.82,53.7,25.94M,-1.95%
2020-10-23,54.82,54.7,55.5,54.26,32.74M,0.77%
2020-10-22,54.4,55.78,56.07,54.4,85.05M,-2.47%
2020-10-21,55.78,54.05,55.99,54.05,86.35M,1.94%
2020-10-20,54.72,54.5,55.5,54.01,33.90M,0.40%
2020-10-19,54.5,55,55.8,54.5,34.13M,-0.91%
2020-10-16,55,55.4,56,54.71,30.59M,-0.56%
2020-10-15,55.31,55.48,56.55,54.45,79.86M,-0.34%
2020-10-14,55.5,54.7,55.5,54,68.46M,2.99%
2020-10-13,53.89,55.1,55.4,53.69,38.95M,-1.30%
2020-10-09,54.6,54.97,55.8,53.93,89.85M,-0.67%
2020-10-08,54.97,53.05,54.97,53.05,25.24M,1.80%
2020-10-07,54,55,55,53.4,29.51M,-0.68%
2020-10-06,54.37,53.85,54.37,53.76,23.13M,1.25%
2020-10-05,53.7,55.55,55.71,52.71,39.70M,-3.33%
2020-10-02,55.55,55.5,55.8,54.15,6.15M,0.74%
2020-10-01,55.14,55.1,55.3,54.68,54.11M,0.07%
2020-09-30,55.1,54,55.1,53.46,57.09M,3.20%
2020-09-29,53.39,54.3,54.49,53.29,44.21M,-1.68%
2020-09-28,54.3,54.48,54.7,54,34.33M,1.61%
2020-09-25,53.44,53,53.46,52.99,28.04M,0.83%
2020-09-24,53,54,54,52.88,95.88M,0.00%
2020-09-23,53,53.99,53.99,52.1,58.65M,0.15%
2020-09-22,52.92,53.5,54.25,52.71,35.10M,-1.08%
2020-09-21,53.5,53.51,54.05,53.34,38.34M,-1.83%
2020-09-17,54.5,54.23,54.61,53.8,55.32M,0.46%
2020-09-16,54.25,54.01,54.85,53.92,15.75M,0.44%
2020-09-15,54.01,54.5,54.84,54.01,34.93M,-0.26%
2020-09-14,54.15,55.81,56,54.02,45.95M,-2.24%
2020-09-11,55.39,56,56,54.3,36.87M,0.07%
2020-09-10,55.35,56.7,56.7,54.9,68.87M,-2.40%
2020-09-09,56.71,57.5,57.53,56.52,34.15M,-1.56%
2020-09-08,57.61,58.97,58.97,57.51,41.38M,-2.19%
2020-09-07,58.9,58.5,59,58.02,20.15M,1.73%
2020-09-04,57.9,57.89,58.21,57.19,31.39M,0.02%
2020-09-03,57.89,58,58,56.5,15.68M,0.49%
2020-09-02,57.61,58.59,59.28,57.25,96.95M,-1.76%
2020-09-01,58.64,59,59.3,58.51,70.53M,-1.94%
2020-08-31,59.8,59.5,59.8,58.41,177.83M,-1.48%
2020-08-28,60.7,59.51,60.99,59.41,24.71M,2.02%
2020-08-27,59.5,59.19,59.99,58.33,52.40M,0.52%
2020-08-26,59.19,60.37,60.74,58.75,39.31M,-1.63%
2020-08-25,60.17,60.9,60.9,59.21,40.95M,0.12%
2020-08-24,60.1,61,61,60.04,27.92M,-1.48%
2020-08-21,61,60.08,61.2,59.81,43.38M,1.53%
2020-08-20,60.08,60.49,60.49,60,16.61M,-0.68%
2020-08-19,60.49,61.45,61.45,59.51,23.95M,0.82%
2020-08-18,60,60.14,60.67,59.7,62.54M,-0.97%
2020-08-17,60.59,61.06,61.66,60.22,35.68M,-0.66%
2020-08-14,60.99,61.45,61.45,60.57,44.09M,-0.18%
2020-08-13,61.1,62.3,62.39,61.1,37.42M,-1.89%
2020-08-12,62.28,62,62.32,61.25,31.24M,1.93%
2020-08-11,61.1,62.5,63,61.1,13.12M,-1.45%
2020-08-10,62,63.3,63.98,61.7,39.39M,-2.05%
2020-08-07,63.3,63.9,63.9,62,76.88M,0.96%
2020-08-06,62.7,63.95,63.95,61.71,20.62M,0.80%
2020-08-05,62.2,63,63.5,61.65,44.72M,0.32%
2020-08-04,62,62.6,63.1,62,71.33M,-1.29%
2020-08-03,62.81,63.01,64,62.81,33.45M,-3.37%
2020-07-31,65,63.5,65,62.96,129.49M,3.17%
2020-07-30,63,64.48,64.48,62.3,27.17M,0.00%
2020-07-29,63,63.7,64.23,61.6,39.45M,-1.10%
2020-07-28,63.7,61.51,64.01,61.5,65.72M,2.02%
2020-07-27,62.44,62,62.7,61.31,53.12M,2.14%
2020-07-24,61.13,61.53,64.64,60.97,42.60M,-1.37%
2020-07-23,61.98,61.2,63.88,61.17,90.76M,1.61%
2020-07-22,61,59.99,61.5,59.53,40.71M,1.67%
2020-07-21,60,61.49,61.49,60,124.48M,-2.44%
2020-07-20,61.5,62,63,61,47.84M,-1.77%
2020-07-17,62.61,63.2,63.24,61.56,30.11M,-1.09%
2020-07-15,63.3,65.25,65.52,62.9,92.50M,-2.97%
2020-07-14,65.24,64.5,65.43,63.67,55.63M,1.13%
2020-07-13,64.51,63.5,64.85,63.03,98.24M,2.23%
2020-07-10,63.1,64,64.01,62.02,75.84M,-0.47%
2020-07-09,63.4,65.99,65.99,62.6,62.58M,-5.23%
2020-07-08,66.9,68,68,66,66.24M,-0.87%
2020-07-07,67.49,66.85,67.85,66.16,58.23M,0.96%
2020-07-06,66.85,65.79,67.3,65.78,63.92M,2.08%
2020-07-03,65.49,65.6,65.75,65.1,10.19M,-0.44%
2020-07-02,65.78,63.55,65.78,63.01,86.99M,5.74%
2020-07-01,62.21,61.52,63.7,61.52,24.06M,1.32%
2020-06-30,61.4,62.9,62.96,61.11,90.10M,-2.43%
2020-06-26,62.93,62.47,63.25,62.23,31.21M,0.74%
2020-06-25,62.47,62.49,63,61.5,31.26M,-0.65%
2020-06-24,62.88,61.72,62.88,61,30.09M,1.85%
2020-06-23,61.74,61.61,62.8,61.2,58.36M,0.02%
2020-06-22,61.73,61,61.99,60.74,101.08M,0.13%
2020-06-19,61.65,62,62,60.3,252.53M,0.57%
2020-06-18,61.3,62,63,61.3,87.34M,-0.97%
2020-06-17,61.9,61.27,61.98,59.5,85.38M,4.90%
2020-06-16,59.01,60,60.17,59.01,67.35M,0.02%
2020-06-15,59,59.99,59.99,58.9,53.94M,-2.17%
2020-06-12,60.31,62.4,62.4,60.17,43.32M,-0.48%
2020-06-11,60.6,61.98,61.98,60,100.83M,-3.07%
2020-06-10,62.52,64.79,64.79,62.07,53.35M,-2.46%
2020-06-09,64.1,65,65,63.59,58.09M,-1.38%
2020-06-08,65,64.1,65,63.7,110.97M,0.02%
2020-06-05,64.99,62.01,64.99,62.01,79.06M,4.82%
2020-06-04,62,61.29,62,59.52,100.39M,1.14%
2020-06-03,61.3,61.5,61.5,59.83,52.10M,2.17%
2020-06-02,60,61,61.29,59.8,87.52M,0.84%
2020-06-01,59.5,59.98,60.5,58.99,43.00M,-0.82%
2020-05-29,59.99,60.5,60.5,57.39,259.09M,0.99%
2020-05-28,59.4,60.97,60.98,59.3,29.37M,-2.62%
2020-05-27,61,62.1,62.12,60.2,103.26M,-0.67%
2020-05-26,61.41,60.51,61.72,59.9,69.48M,1.49%
2020-05-25,60.51,58.3,60.51,58.3,27.08M,3.84%
2020-05-22,58.27,59.1,60.25,58.27,179.74M,-1.32%
2020-05-20,59.05,60.64,60.64,57.86,70.31M,0.54%
2020-05-19,58.73,58.74,60.6,57.54,100.49M,-0.02%
2020-05-18,58.74,60,60.17,58.74,110.11M,1.17%
2020-05-15,58.06,57.68,58.73,56.87,63.80M,0.64%
2020-05-14,57.69,56.4,57.69,55.16,99.13M,0.64%
2020-05-13,57.33,57.14,57.33,54.66,290.01M,1.48%
2020-05-12,56.49,57.33,59.11,56.43,89.15M,-1.13%
2020-05-11,57.14,56.01,57.74,55.92,108.54M,2.17%
2020-05-08,55.93,60.85,60.85,55.93,1.58B,-5.69%
2020-05-07,59.3,61.06,61.09,59.3,37.83M,0.16%
2020-05-06,59.21,59.21,60.45,58.58,40.54M,1.29%
2020-05-05,58.46,61.09,61.46,58.46,39.43M,-1.74%
2020-05-04,59.49,62.03,62.71,59.49,36.13M,-6.90%
2020-04-30,63.9,62.5,63.9,62.08,39.40M,0.03%
2020-04-29,63.88,62.58,64,61.28,40.47M,4.23%
2020-04-28,61.28,59.78,62.49,59.78,123.97M,2.52%
2020-04-27,59.78,57.62,61.03,57.61,83.46M,4.11%
2020-04-24,57.42,59.21,59.21,56.5,43.50M,-3.02%
2020-04-23,59.21,58.74,59.21,57.66,36.69M,1.14%
2020-04-22,58.54,59.09,59.61,58.21,49.23M,-0.89%
2020-04-21,59.07,59.69,60.12,57.8,77.17M,-2.33%
2020-04-20,60.48,61.09,61.46,59.79,45.24M,-1.76%
2020-04-17,61.56,62.98,63.34,61.12,87.69M,0.54%
2020-04-16,61.23,63.74,63.74,61.23,169.07M,-3.91%
2020-04-15,63.72,61.93,63.72,60.77,99.52M,2.65%
2020-04-14,62.07,63.54,63.54,61.23,152.13M,0.12%
2020-04-13,62,59.68,63.25,59.49,86.12M,0.72%
2020-04-09,61.56,59.21,62.02,59.21,88.39M,3.97%
2020-04-08,59.21,58.08,60.85,57.52,73.97M,0.80%
2020-04-07,58.74,60.15,60.58,57.34,142.29M,-0.79%
2020-04-06,59.21,58.46,60.18,58.46,154.08M,1.96%
2020-04-03,58.07,54.6,59.32,54.6,159.31M,3.85%
2020-04-02,55.92,54.51,57.33,54.51,288.39M,4.39%
2020-04-01,53.57,54.51,54.51,50.53,123.38M,-1.72%
2020-03-31,54.51,50.75,55.45,50,118.20M,9.43%
2020-03-30,49.81,50.56,52.16,49.81,126.57M,-1.30%
2020-03-27,50.47,50.27,51.7,47.93,72.04M,0.36%
2020-03-26,50.29,51.22,56.39,50.29,58.80M,-1.64%
2020-03-25,51.12,52.64,53.56,50.18,88.00M,1.91%
2020-03-24,50.17,52.63,54.41,49.81,131.81M,0.72%
2020-03-23,49.81,51.74,54.41,48.41,68.36M,-3.46%
2020-03-20,51.59,53.11,56.58,51.59,143.41M,-0.54%
2020-03-19,51.88,50.75,54.42,49.81,54.33M,2.22%
2020-03-18,50.75,54.84,54.84,48.4,179.58M,-7.69%
2020-03-17,54.98,56.39,58.27,50.78,142.26M,-2.50%
2020-03-16,56.39,64.36,64.36,55.49,110.76M,-12.41%
2020-03-13,64.38,65.79,65.79,60.98,77.93M,2.32%
2020-03-12,62.92,64.83,64.83,59.86,151.55M,-4.30%
2020-03-11,65.75,65.78,66.42,64.1,151.03M,-0.04%
2020-03-10,65.78,65.79,67.2,63.92,73.35M,-0.01%
2020-03-09,65.79,66.73,67.47,63.94,92.34M,-2.78%
2020-03-06,67.67,66.27,67.67,66.27,34.46M,-0.54%
2020-03-05,68.03,68.6,68.6,67.24,55.06M,-0.77%
2020-03-04,68.56,67.67,68.65,67.37,73.51M,1.74%
2020-03-03,67.38,68.32,68.61,66.93,94.30M,0.69%
2020-03-02,66.92,69.07,69.43,66.92,64.05M,-2.45%
2020-02-28,68.6,67.67,69.17,65.79,251.28M,-1.00%
2020-02-27,69.3,69.54,69.54,67.46,55.18M,-0.35%
2020-02-26,69.54,70.71,70.71,69.07,93.81M,-1.65%
2020-02-25,70.71,70.35,70.96,68.9,79.48M,0.52%
2020-02-24,70.34,70.48,71.65,69.83,27.47M,-1.51%
2020-02-21,71.42,70.67,71.8,70.67,130.89M,1.06%
2020-02-20,70.67,70.58,71.14,70.48,143.19M,0.28%
2020-02-19,70.48,70.77,70.95,68.93,47.85M,-0.41%
2020-02-18,70.77,70.95,71.88,70.24,100.63M,-1.58%
2020-02-17,71.9,72.56,72.57,71.88,7.61M,-0.89%
2020-02-14,72.55,72.64,72.94,72.14,55.35M,-0.12%
2020-02-13,72.64,71.43,72.83,71.43,119.28M,0.38%
2020-02-12,72.36,73.49,73.49,71.89,101.08M,-1.27%
2020-02-11,73.29,73.35,73.72,72.85,117.38M,-0.08%
2020-02-10,73.35,73.39,73.39,72.55,94.14M,-0.06%
2020-02-07,73.4,73.3,73.4,73.13,157.16M,0.13%
2020-02-06,73.3,72.65,73.47,72.65,130.14M,0.00%
2020-02-05,73.3,72.83,73.3,71.61,165.78M,0.00%
2020-02-04,73.3,72.32,73.77,72.32,176.68M,1.36%
2020-02-03,72.32,71.24,72.32,71.24,114.37M,1.38%
2020-01-31,71.33,71.5,71.72,71.16,120.09M,-0.33%
2020-01-30,71.57,70.48,71.89,70.2,241.36M,1.26%
2020-01-29,70.67,70.51,70.72,70.32,103.36M,0.00%
2020-01-28,70.67,70.48,70.93,69.54,118.29M,0.28%
2020-01-27,70.48,71.99,71.99,69.52,56.94M,-1.52%
2020-01-24,71.56,72.31,72.31,71.4,19.70M,-0.61%
2020-01-23,72,71.94,72,71,53.03M,0.09%
2020-01-22,71.94,71.76,71.99,71.56,111.74M,0.00%
2020-01-21,71.94,71,71.94,70.82,130.51M,-0.65%
2020-01-20,72.4,70.53,72.5,70.52,44.57M,0.52%
2020-01-17,72.03,73.05,73.05,70.63,64.24M,-1.39%
2020-01-16,73.05,72.87,73.34,72.55,98.24M,0.24%
2020-01-15,72.87,72.75,73.8,72.75,185.96M,-0.38%
2020-01-14,73.15,72.57,73.15,72.05,175.93M,0.26%
2020-01-13,72.96,70.16,72.96,70.16,113.89M,1.56%
2020-01-10,71.84,70.53,72.39,69.13,85.88M,1.85%
2020-01-09,70.53,70.24,70.91,69.62,193.27M,0.43%
2020-01-08,70.24,70.07,70.52,69.32,158.58M,0.24%
2020-01-07,70.07,70.25,71,69.41,185.25M,-0.27%
2020-01-06,70.25,69.13,70.78,67.43,190.62M,1.62%
2020-01-03,69.13,67.03,69.13,66.33,89.68M,3.14%
2020-01-02,67.03,65.86,67.26,66.33,98.06M,1.77%
2019-12-30,65.86,66.42,66.7,65.86,56.30M,-0.84%
2019-12-27,66.42,66.7,66.98,65.4,141.00M,-0.42%
2019-12-26,66.7,66.97,67.11,66.33,73.43M,-0.40%
2019-12-24,66.97,67.17,67.16,66.79,4.69M,-0.29%
2019-12-23,67.17,67.25,67.25,66.59,83.16M,0.00%
2019-12-20,67.17,67.03,67.26,66.52,233.26M,0.21%
2019-12-19,67.03,67.87,67.87,66.81,310.92M,-0.07%
2019-12-18,67.08,67.87,67.87,66.74,256.11M,-1.17%
2019-12-17,67.87,67.73,68.38,65.72,135.85M,0.21%
2019-12-16,67.73,68,68,67.17,116.37M,-0.40%
2019-12-13,68,67.17,68.29,66.33,84.64M,1.24%
2019-12-12,67.17,66.67,67.2,65.78,123.81M,0.76%
2019-12-11,66.67,65.68,67.16,65.68,268.05M,0.51%
2019-12-10,66.33,65.53,66.7,64.93,207.56M,1.23%
2019-12-09,65.53,65.41,65.72,65.2,274.34M,0.19%
2019-12-06,65.41,63.53,65.58,63.43,285.48M,2.96%
2019-12-05,63.53,61.1,63.53,61.04,272.43M,11.11%
2019-12-04,57.17,54.93,57.17,55.57,51.00M,4.08%
2019-12-03,54.93,55.21,56.49,54.84,50.90M,-0.51%
2019-12-02,55.21,56.42,55.85,54.43,41.64M,-2.14%
2019-11-29,56.42,54.92,56.71,53.25,50.75M,2.88%
2019-11-28,54.84,56.44,56.44,54.23,26.54M,-2.83%
2019-11-27,56.44,56.52,56.44,54.87,48.38M,-0.15%
2019-11-26,56.52,57.36,58.57,54.19,180.62M,-1.47%
2019-11-25,57.36,58.62,58.84,57.36,37.69M,-2.15%
2019-11-22,58.62,57.96,58.62,56.8,66.62M,1.14%
2019-11-21,57.96,58.62,58.29,56.88,42.69M,-1.13%
2019-11-20,58.62,57.36,58.62,56.61,50.84M,2.20%
2019-11-19,57.36,58.26,58.16,56.84,44.47M,-1.54%
2019-11-18,58.26,58.81,59.61,57.01,50.84M,-0.94%
2019-11-15,58.81,53.9,60.71,57,115.87M,9.10%
2019-11-14,53.9,53.63,56.04,53.25,71.01M,0.51%
2019-11-13,53.63,54.18,53.99,52.83,107.64M,-1.00%
2019-11-12,54.18,55.11,56.05,51.38,91.50M,-1.70%
2019-11-11,55.11,55.9,56.52,54.3,89.11M,-1.42%
2019-11-08,55.9,56.05,56.52,55.12,39.45M,-0.27%
2019-11-07,56.05,54.69,56.05,54.65,98.55M,2.49%
2019-11-06,54.69,54.34,55.11,52.36,104.72M,0.64%
2019-11-05,54.34,55.12,56.05,52.52,72.06M,-1.41%
2019-11-04,55.12,56.98,58.86,55.12,65.79M,-3.26%
2019-10-30,56.98,57.74,56.99,54.65,84.60M,-1.31%
2019-10-29,57.74,58.86,59.79,57.27,36.68M,-1.90%
2019-10-28,58.86,58.71,59.32,58.41,69.14M,0.25%
2019-10-25,58.71,58.95,59.79,58.56,123.47M,-0.41%
2019-10-24,58.95,56.99,58.95,56.2,229.03M,4.30%
2019-10-23,56.52,59.79,59.79,56.52,93.94M,-5.38%
2019-10-22,59.73,61.52,63.06,57.77,93.83M,-2.90%
2019-10-21,61.52,66.8,63.98,60.72,61.31M,-7.90%
2019-10-18,66.8,66.66,66.8,65.85,63.87M,0.21%
2019-10-17,66.66,65.77,66.66,65.4,78.73M,1.75%
2019-10-16,65.51,64.93,65.77,64.48,58.81M,0.89%
2019-10-15,64.93,63.34,64.93,63.34,45.12M,2.51%
2019-10-14,63.34,61,63.81,61.19,80.21M,3.83%
2019-10-11,61,60.28,61.18,60.68,33.62M,1.21%
2019-10-10,60.28,60.54,60.91,60.07,27.43M,-0.43%
2019-10-09,60.54,60.72,60.87,60.21,7.04M,-0.31%
2019-10-08,60.72,60.63,61.15,59.56,35.74M,0.15%
2019-10-07,60.63,60.25,60.63,59.35,32.35M,0.64%
2019-10-04,60.25,59.06,60.56,58.39,18.65M,2.01%
2019-10-03,59.06,58.86,59.76,58.16,28.61M,-0.22%
2019-10-02,59.19,57.94,59.19,57.82,16.25M,0.57%
2019-10-01,58.86,58.88,59.14,58.03,37.85M,-0.05%
2019-09-30,58.88,58.73,60.07,57.64,61.36M,0.27%
2019-09-27,58.73,60.05,60.68,58.58,49.15M,-2.21%
2019-09-26,60.05,58.57,60.05,57.94,27.86M,2.54%
2019-09-25,58.57,58.95,60.72,57.92,26.43M,-0.65%
2019-09-24,58.95,60.26,59.8,58.48,31.46M,-2.17%
2019-09-23,60.26,60.72,61,59.8,73.83M,-0.77%
2019-09-17,60.72,60.82,61,59,123.99M,-0.15%
2019-09-16,60.82,59.62,60.82,58.86,36.23M,0.99%
2019-09-13,60.22,60.16,60.35,58.86,29.41M,0.09%
2019-09-12,60.16,60.23,60.63,59.42,114.22M,-0.11%
2019-09-11,60.23,58.57,60.26,57.65,47.12M,2.82%
2019-09-10,58.58,57.92,58.59,57,34.49M,1.13%
2019-09-09,57.92,56.88,57.92,56.88,18.11M,1.84%
2019-09-06,56.88,57.31,57.51,56.81,13.57M,-0.77%
2019-09-05,57.31,56.52,57.9,56.71,36.78M,1.40%
2019-09-04,56.52,56.66,57.19,56.06,27.01M,-0.25%
2019-09-03,56.66,57.8,57.8,56.59,55.68M,-1.97%
2019-09-02,57.8,58.13,58.1,57.08,11.44M,-0.56%
2019-08-30,58.13,56.52,58.25,56.68,53.12M,2.84%
2019-08-29,56.52,56.01,56.83,55.98,25.34M,0.92%
2019-08-28,56.01,54.87,56.17,54.29,86.98M,2.08%
2019-08-27,54.87,54.2,57.16,54.2,121.48M,1.24%
2019-08-26,54.19,54.57,55.13,53.83,22.20M,-0.68%
2019-08-23,54.57,55.59,55.12,54.36,43.27M,-1.83%
2019-08-22,55.59,55.88,56.32,54.65,56.17M,-0.52%
2019-08-21,55.88,55.93,56.32,55.73,30.11M,-0.10%
2019-08-20,55.93,55.98,56.29,55.6,24.33M,-0.08%
2019-08-19,55.98,56.06,56.65,55.88,22.15M,-0.15%
2019-08-16,56.06,56.29,56.8,55.87,27.49M,-0.40%
2019-08-14,56.29,56.71,56.78,56.06,48.35M,-0.74%
2019-08-13,56.71,56.63,57,56.2,60.38M,0.13%
2019-08-12,56.63,56.99,56.93,56.26,15.72M,-0.62%
2019-08-09,56.99,56.98,57.74,56.19,39.39M,0.02%
2019-08-08,56.98,57.08,57.92,56.25,57.48M,-0.18%
2019-08-07,57.08,56.89,57.81,56.61,62.98M,0.33%
2019-08-06,56.89,56.36,57.8,56.43,37.12M,0.94%
2019-08-05,56.36,57.45,57.55,56.15,48.54M,-1.90%
2019-08-02,57.45,59.04,59.02,57.45,54.94M,-2.69%
2019-08-01,59.04,59.61,59.79,58.68,40.26M,-0.96%
2019-07-31,59.61,58.39,60.35,58.04,68.69M,2.10%
2019-07-30,58.39,58.66,58.67,58.02,78.27M,-0.46%
2019-07-29,58.66,58.57,59.49,58.31,24.39M,0.16%
2019-07-26,58.57,58.09,59.58,57.91,26.22M,-0.18%
2019-07-25,58.67,58.12,58.76,58.01,47.04M,0.95%
2019-07-24,58.12,58.39,58.45,57.84,21.47M,-0.46%
2019-07-23,58.39,58.2,58.95,57.92,46.93M,0.32%
2019-07-22,58.2,59.55,59.33,58.12,17.58M,-2.26%
2019-07-19,59.55,59.09,59.56,59.14,37.94M,0.77%
2019-07-18,59.09,59.46,59.79,59.09,20.98M,-0.63%
2019-07-17,59.46,60,60.35,59.46,18.81M,-0.89%
2019-07-15,60,59.93,60.39,59.88,15.33M,0.11%
2019-07-12,59.93,60.35,60.25,59.93,17.76M,-0.70%
2019-07-11,60.35,60.51,60.52,59.94,27.60M,-0.26%
2019-07-10,60.51,60.53,60.54,59.79,17.40M,-0.03%
2019-07-09,60.53,60.63,61.24,60.08,29.33M,-0.17%
2019-07-08,60.63,61,61,60.16,33.89M,-0.61%
2019-07-05,61,60.72,61,60.26,41.10M,0.43%
2019-07-04,60.74,61.03,60.91,60.27,37.62M,-0.47%
2019-07-03,61.03,59.95,61.03,59.95,22.44M,1.81%
2019-07-02,59.95,60.26,61.49,59.8,44.57M,-0.51%
2019-07-01,60.26,60.16,60.72,60.16,21.47M,0.16%
2019-06-28,60.16,61.04,61.19,60,39.91M,-1.44%
2019-06-27,61.04,60.82,61.15,60.55,12.65M,0.37%
2019-06-26,60.82,61.05,61.19,60.82,28.08M,-0.38%
2019-06-25,61.05,60.82,61.18,60.86,83.02M,0.38%
2019-06-24,60.82,60.26,61.18,60.44,27.05M,0.93%
2019-06-21,60.26,60.59,60.94,60.26,93.86M,-0.56%
2019-06-20,60.59,60.44,60.96,60.07,42.91M,0.25%
2019-06-19,60.44,60.26,60.63,59.88,18.06M,0.31%
2019-06-18,60.26,60.02,60.72,59.99,39.84M,0.39%
2019-06-17,60.02,60.35,60.22,59.79,24.82M,-0.54%
2019-06-14,60.35,60.63,60.63,59.79,16.58M,-0.46%
2019-06-13,60.63,60.3,61,59.93,22.36M,0.54%
2019-06-12,60.3,60.84,60.95,59.98,56.91M,-0.88%
2019-06-11,60.84,60.72,61.19,60.02,59.43M,0.18%
2019-06-10,60.72,59.79,60.73,59.99,20.05M,1.56%
2019-06-07,59.79,59.87,60.71,59.79,25.52M,-0.12%
2019-06-06,59.87,60.82,61.6,59.87,92.02M,-1.57%
2019-06-05,60.82,60.96,61.19,60.35,41.21M,-0.23%
2019-06-04,60.96,60.86,61.33,60.72,131.82M,0.15%
2019-06-03,60.86,60.63,61.03,60.63,44.70M,0.26%
2019-05-31,60.71,59.32,61,58.86,71.23M,2.33%
2019-05-30,59.32,58.47,59.79,57.79,44.40M,1.45%
2019-05-29,58.47,57.9,58.47,56.61,137.21M,2.29%
2019-05-28,57.17,57.77,58.84,57.17,105.60M,-1.05%
2019-05-27,57.77,58.11,58.86,57.45,16.80M,-0.58%
2019-05-24,58.11,57.64,59.69,57.61,101.52M,0.81%
2019-05-23,57.64,57.83,58.34,57.13,43.21M,-0.32%
2019-05-22,57.83,57.27,59.79,57.27,153.10M,0.98%
2019-05-20,57.27,57.22,57.73,57.17,74.09M,0.08%
2019-05-17,57.22,57.1,57.69,57.1,66.33M,0.21%
2019-05-16,57.1,57.36,58.05,57.1,80.54M,-0.46%
2019-05-15,57.36,57.3,57.92,56.99,48.20M,0.11%
2019-05-14,57.3,56.52,58.3,56.99,62.12M,1.37%
2019-05-13,56.52,59.73,59.73,56.38,40.45M,-2.98%
2019-05-10,58.26,57.79,58.79,57.02,43.22M,0.81%
2019-05-09,57.79,57.36,57.99,56.48,74.95M,0.28%
2019-05-08,57.63,58.75,59.16,57.38,59.32M,-1.91%
2019-05-07,58.75,59.34,59.6,58.75,86.49M,-0.98%
2019-05-06,59.34,59.22,59.87,58.98,61.46M,0.20%
2019-05-03,59.22,61.22,61.22,59.2,26.76M,-1.40%
2019-05-02,60.06,61.84,61.84,60.06,28.98M,-1.82%
2019-04-30,61.17,60.66,61.17,60.05,43.08M,0.84%
2019-04-29,60.66,61.84,61.84,60.5,108.08M,-1.90%
2019-04-26,61.84,62.1,62.13,60.86,11.52M,-0.43%
2019-04-25,62.1,62.2,62.65,61.49,15.96M,-0.16%
2019-04-24,62.2,61.74,62.2,61.15,31.79M,0.75%
2019-04-23,61.74,61.49,62.73,61.49,12.38M,0.41%
2019-04-22,61.49,61.84,61.84,61.4,12.30M,-0.58%
2019-04-18,61.84,62.46,62.74,61.84,26.05M,-0.99%
2019-04-17,62.46,62.74,62.83,62.31,40.76M,-0.43%
2019-04-16,62.73,62.52,62.74,62.02,20.85M,0.34%
2019-04-15,62.52,62.56,63.19,61.98,19.87M,-0.07%
2019-04-12,62.56,62.55,62.73,61.11,15.74M,0.01%
2019-04-11,62.55,63.07,63.07,62.17,16.75M,-0.82%
2019-04-10,63.07,63.19,63.14,62.48,28.32M,-0.18%
2019-04-09,63.19,62.84,63.19,62.03,45.84M,0.56%
2019-04-08,62.84,63.14,63.19,62.38,29.42M,-0.48%
2019-04-05,63.14,63.14,63.2,62.74,36.80M,0.00%
2019-04-04,63.14,62.3,63.37,62.28,46.39M,1.35%
2019-04-03,62.3,63.55,63.55,61.93,56.77M,-1.04%
2019-04-02,62.96,63.46,63.44,62.3,46.54M,-0.79%
2019-04-01,63.46,63.91,63.91,63.18,27.72M,-0.70%
2019-03-29,63.91,62.65,63.91,61.93,55.74M,2.00%
2019-03-28,62.65,62.03,63.28,61.04,26.92M,1.00%
2019-03-27,62.03,62.47,62.47,61.64,69.50M,-0.70%
2019-03-26,62.47,62.45,63.27,61.89,33.52M,0.03%
2019-03-25,62.45,61.98,62.45,60.96,49.16M,0.77%
2019-03-22,61.98,62.18,61.98,60.82,31.06M,-0.32%
2019-03-21,62.18,62.01,62.72,61.76,29.21M,0.27%
2019-03-20,62.01,62.55,63.18,61.71,36.81M,-0.87%
2019-03-19,62.55,62.64,63.14,62.32,35.19M,-0.14%
2019-03-18,62.64,62.33,63.17,62.03,145.91M,0.50%
2019-03-15,62.33,62.65,64.17,62.29,133.85M,-0.52%
2019-03-14,62.65,61.93,62.72,61.51,61.48M,1.16%
2019-03-13,61.93,61.76,63.09,61.76,54.53M,0.29%
2019-03-12,61.76,62.33,63.01,61.76,26.68M,-0.92%
2019-03-11,62.33,62.11,63.03,62.24,58.87M,0.35%
2019-03-08,62.11,61.81,62.69,61.41,25.37M,0.49%
2019-03-07,61.81,61.71,62.36,61.71,53.05M,0.16%
2019-03-06,61.71,61.87,62.64,61.71,35.56M,-0.26%
2019-03-05,61.87,62.29,62.47,61.87,28.59M,-0.68%
2019-03-04,62.29,62.63,62.74,61.51,64.99M,-0.54%
2019-03-01,62.63,61.67,63.05,61.95,113.25M,1.56%
2019-02-28,61.67,63.37,63.37,61.47,103.62M,-2.67%
2019-02-27,63.37,64.52,64.98,62.75,71.10M,-1.79%
2019-02-26,64.52,65.61,65.61,64.27,53.41M,-0.98%
2019-02-25,65.16,65.41,65.88,65.16,45.78M,-0.38%
2019-02-22,65.41,65.51,65.84,65.15,26.39M,-0.15%
2019-02-21,65.51,65.25,65.7,63.68,57.74M,0.40%
2019-02-20,65.25,64.71,65.43,64.09,59.58M,0.83%
2019-02-19,64.71,63.91,64.96,63.68,83.80M,1.26%
2019-02-18,63.91,64.17,64.52,63,55.32M,-0.41%
2019-02-15,64.17,63.63,64.17,62.12,28.70M,2.51%
2019-02-14,62.6,62.65,63.62,62.34,42.78M,-0.09%
2019-02-13,62.65,63.58,63.46,62.47,50.89M,-1.47%
2019-02-12,63.58,62.45,63.58,61.98,17.61M,1.81%
2019-02-11,62.45,61.93,63.01,61.93,26.33M,0.84%
2019-02-08,61.93,62.55,62.79,61.86,17.90M,-0.99%
2019-02-07,62.55,62.08,62.65,61.74,29.65M,0.77%
2019-02-06,62.08,62.68,62.74,62.04,29.46M,-0.96%
2019-02-05,62.68,62.29,62.71,61.95,28.01M,0.62%
2019-02-04,62.29,62.37,62.74,61.41,23.40M,-0.13%
2019-02-01,62.37,61.93,62.74,61.93,27.23M,0.71%
2019-01-31,61.93,62.38,63.19,61.93,58.41M,-0.72%
2019-01-30,62.38,62.92,63.59,62.38,57.97M,-0.43%
2019-01-29,62.65,62.92,63.57,62.11,110.44M,-0.43%
2019-01-28,62.92,62.88,62.92,62.06,52.37M,0.07%
2019-01-25,62.88,62.64,63.18,62.31,33.73M,0.37%
2019-01-24,62.64,62.02,63.05,62.07,78.10M,1.00%
2019-01-23,62.02,61.84,63.39,61.84,70.31M,0.29%
2019-01-22,61.84,63.64,63.76,61.84,61.10M,-2.82%
2019-01-21,63.64,64.66,64.71,62.83,17.99M,-0.96%
2019-01-18,64.25,63.91,64.57,63.91,31.73M,0.54%
2019-01-17,63.91,63.53,64.11,63.24,39.75M,0.59%
2019-01-16,63.53,62.87,63.63,62.39,65.11M,1.05%
2019-01-15,62.87,62.07,62.88,62.07,60.88M,1.29%
2019-01-14,62.07,62.32,62.35,61.99,55.61M,-0.40%
2019-01-11,62.32,61.5,62.35,61.5,70.75M,1.33%
2019-01-10,61.5,60.7,62.02,60.7,47.38M,1.32%
2019-01-09,60.7,60.11,60.74,60.21,51.96M,0.98%
2019-01-08,60.11,60.47,60.7,59.85,53.80M,-0.59%
2019-01-07,60.47,59.84,60.74,59.68,46.06M,1.04%
2019-01-04,59.84,59.47,60.21,59.36,70.31M,0.63%
2019-01-03,59.47,59.27,59.9,58.78,81.59M,0.35%
2019-01-02,59.27,59.65,59.94,58.61,41.01M,-0.64%
2018-12-28,59.65,59.38,59.68,58.78,45.10M,0.45%
2018-12-27,59.38,59.38,59.68,58.83,38.19M,0.00%
2018-12-26,59.38,58.74,59.45,58.15,11.09M,1.09%
2018-12-24,58.74,59.31,59.31,58.52,12.53M,-0.96%
2018-12-21,59.31,58.87,59.49,58.56,49.22M,0.74%
2018-12-20,58.87,58.51,59.68,58.16,52.42M,0.62%
2018-12-19,58.51,58.78,59.23,58.2,44.20M,-0.47%
2018-12-18,58.78,59.15,59.63,58.53,33.69M,-0.62%
2018-12-17,59.15,59.54,59.7,58.83,67.23M,-0.66%
2018-12-14,59.54,59.17,59.92,58.43,40.36M,0.63%
2018-12-13,59.17,58.94,59.41,58.43,59.95M,0.39%
2018-12-12,58.94,59.22,59.23,58.16,70.06M,0.20%
2018-12-11,58.82,58.62,59.13,58.54,59.93M,0.35%
2018-12-10,58.62,58.71,58.76,58.12,28.30M,-0.17%
2018-12-07,58.71,58.4,59.24,58.43,52.04M,0.53%
2018-12-06,58.4,58.82,58.69,57.27,21.22M,-0.71%
2018-12-05,58.82,58.43,59.22,58.42,60.99M,0.67%
2018-12-04,58.43,58.01,58.77,57.68,31.46M,0.72%
2018-12-03,58.01,58.08,58.7,57.56,30.82M,-0.12%
2018-11-30,58.08,58.15,58.78,57.45,111.15M,-0.12%
2018-11-29,58.15,57.52,58.7,57,37.38M,1.10%
2018-11-28,57.52,57.08,57.8,56.12,31.73M,0.76%
2018-11-27,57.08,57.76,57.86,56.75,31.14M,-1.17%
2018-11-26,57.76,58.3,58.3,57.63,87.91M,-0.93%
2018-11-23,58.3,57.93,58.77,57.56,13.19M,0.65%
2018-11-22,57.93,57.93,58.07,57,25.54M,0.00%
2018-11-21,57.93,58.34,58.71,57,29.35M,1.72%
2018-11-20,56.95,56.31,57.34,55.77,95.65M,1.14%
2018-11-19,56.31,56.11,56.99,55.67,41.48M,0.35%
2018-11-16,56.11,56.05,56.29,55.4,56.12M,0.11%
2018-11-15,56.05,55.17,57.18,54.78,26.67M,1.60%
2018-11-14,55.17,55.22,55.49,54.47,48.87M,0.08%
2018-11-13,55.12,55.57,55.98,55.03,66.34M,-0.80%
2018-11-12,55.57,55.79,57.05,55.31,14.55M,-0.40%
2018-11-09,55.79,56.77,56.91,55.59,26.72M,-1.73%
2018-11-08,56.77,56.35,57.11,56.11,54.55M,0.74%
2018-11-07,56.35,55.4,56.55,55.23,135.88M,1.51%
2018-11-06,55.52,56.16,56.16,54.79,88.96M,-1.14%
2018-11-05,56.16,53.96,56.47,53.89,125.29M,4.08%
2018-10-31,53.96,53.46,54.11,53.57,108.21M,0.93%
2018-10-30,53.46,54.09,54.15,53.01,68.47M,-1.17%
2018-10-29,54.09,55.61,56.02,53.9,57.17M,-2.72%
2018-10-26,55.61,56.11,56.17,55.41,21.26M,-1.00%
2018-10-25,56.17,56.26,56.68,55.67,85.49M,-0.16%
2018-10-24,56.26,55.95,57.53,55.94,45.90M,0.54%
2018-10-23,55.95,55.83,56.56,54.87,65.02M,0.22%
2018-10-22,55.83,55.76,56.11,55.67,79.27M,0.30%
2018-10-19,55.66,56.21,56.52,55.31,128.89M,-0.98%
2018-10-18,56.21,56.02,56.34,55.85,33.05M,0.33%
2018-10-17,56.02,56.02,56.65,55.35,63.65M,0.00%
2018-10-16,56.02,55.61,56.18,55.57,62.13M,0.75%
2018-10-12,55.61,55.77,56.12,55.47,67.38M,-0.30%
2018-10-11,55.77,56.36,56.61,55.68,94.39M,-1.04%
2018-10-10,56.36,56.71,56.97,54.87,45.64M,-0.61%
2018-10-09,56.71,56.93,57.51,56.57,29.97M,-0.39%
2018-10-08,56.93,57.89,57.89,56.25,23.61M,-0.54%
2018-10-05,57.24,58.42,58.54,57.11,44.97M,-2.01%
2018-10-04,58.42,58.7,58.78,58.12,22.48M,-0.49%
2018-10-03,58.7,59.23,59.45,58.52,24.86M,-0.44%
2018-10-02,58.96,58.99,59.59,57.89,28.81M,-0.05%
2018-10-01,58.99,59,59.57,58.57,41.37M,-0.02%
2018-09-28,59,59.19,59.76,58.56,38.17M,-0.32%
2018-09-27,59.19,59.2,59.68,58.78,53.45M,-0.03%
2018-09-26,59.2,59.58,60.57,58.98,41.53M,-0.63%
2018-09-25,59.58,59.37,60.12,59.16,27.74M,0.35%
2018-09-24,59.37,60.57,60.57,58.44,44.69M,-0.25%
2018-09-21,59.52,58.83,60.56,58.08,157.85M,1.18%
2018-09-20,58.83,58.88,59.67,58.2,60.27M,0.00%
2018-09-14,58.83,58.78,59.68,58.34,35.81M,0.15%
2018-09-13,58.74,57.91,58.76,57.97,49.96M,1.43%
2018-09-12,57.91,58.64,58.63,57.73,86.85M,-1.25%
2018-09-11,58.64,58.34,58.7,57.91,52.87M,0.52%
2018-09-10,58.34,58.14,58.78,57.56,28.00M,0.34%
2018-09-07,58.14,58.49,58.87,57.75,75.91M,-0.59%
2018-09-06,58.49,58.64,58.79,58.05,67.06M,-0.26%
2018-09-05,58.64,58.7,58.96,57.9,70.10M,-0.09%
2018-09-04,58.7,58.8,59.63,58.5,29.01M,-0.18%
2018-09-03,58.8,59.27,59.86,58.34,5.63M,-0.78%
2018-08-31,59.27,59.01,59.5,58.56,35.75M,0.44%
2018-08-30,59.01,59.54,59.54,58.78,40.83M,-0.90%
2018-08-29,59.54,59.22,60.09,59.1,45.82M,0.54%
2018-08-28,59.22,59.58,59.59,58.87,55.31M,-0.60%
2018-08-27,59.58,59.08,61.18,58.79,46.23M,0.84%
2018-08-24,59.08,58.96,59.68,58.45,28.95M,0.20%
2018-08-23,58.96,59.05,59.11,58.62,48.23M,-0.09%
2018-08-22,59.02,58.77,59.68,58,46.46M,0.42%
2018-08-21,58.77,58.06,58.96,58.21,33.15M,1.21%
2018-08-20,58.06,57.85,58.3,57.49,48.67M,0.37%
2018-08-17,57.85,58.34,58.34,57.81,49.94M,-0.84%
2018-08-16,58.34,58.46,58.46,57.38,76.65M,-0.18%
2018-08-14,58.45,58.25,59.01,58.21,71.76M,0.34%
2018-08-13,58.25,59.2,59.2,58.16,14.44M,-0.64%
2018-08-10,58.62,60.82,60.82,57.77,85.68M,-0.69%
2018-08-09,59.03,59.36,59.76,58.7,47.55M,-0.56%
2018-08-08,59.36,59.66,60.12,57.89,37.02M,-0.49%
2018-08-07,59.66,60.57,60.51,58.78,62.52M,-1.50%
2018-08-06,60.57,60.71,61.28,60.45,16.51M,-0.23%
2018-08-03,60.71,60.41,61.45,60.44,17.77M,0.49%
2018-08-02,60.41,60.31,60.83,59.21,24.35M,0.18%
2018-08-01,60.31,60.34,60.76,59.7,48.85M,-0.06%
2018-07-31,60.34,59.68,61.46,59.52,45.19M,1.38%
2018-07-30,59.52,59.54,60.57,59.23,40.58M,-0.03%
2018-07-27,59.54,60.59,61.8,58.79,29.70M,-2.72%
2018-07-26,61.21,61.46,62.61,60.66,49.82M,-1.05%
2018-07-25,61.86,61.18,62.35,61.18,36.65M,0.10%
2018-07-24,61.8,61.12,62.35,60.49,43.52M,1.11%
2018-07-23,61.12,61.48,61.48,61.02,7.24M,-0.59%
2018-07-20,61.48,60.78,63.68,60.3,46.91M,1.16%
2018-07-19,60.78,61.3,61.31,60.33,50.08M,-0.84%
2018-07-18,61.3,60.42,61.53,58.79,56.02M,-9.65%
2018-07-17,67.84,67.94,68.8,66.81,31.85M,-0.15%
2018-07-13,67.94,66.57,68.5,65.95,40.55M,2.07%
2018-07-12,66.56,67.67,68.65,65.75,65.27M,-1.64%
2018-07-11,67.67,67.4,68.21,67.03,74.72M,-0.79%
2018-07-10,68.21,66.61,68.5,65.55,70.30M,2.40%
2018-07-09,66.61,65.28,66.61,65.05,33.09M,2.04%
2018-07-06,65.28,64.6,66,64,38.75M,1.86%
2018-07-05,64.09,64,64.97,63.22,39.08M,0.12%
2018-07-04,64.01,64.5,64.6,62.7,33.22M,1.28%
2018-07-03,63.2,64.98,64.98,63.01,49.86M,-2.00%
2018-06-29,64.49,64.06,65,63.1,87.42M,0.67%
2018-06-28,64.06,63.03,64.83,63,112.97M,1.63%
2018-06-27,63.03,63.89,65,62.31,42.30M,-1.35%
2018-06-26,63.89,64.11,65.5,63.5,55.88M,-0.79%
2018-06-25,64.4,65.42,65.73,64.17,29.13M,-1.56%
2018-06-22,65.42,65.44,67.7,65.3,42.78M,-0.03%
2018-06-21,65.44,66.51,67.67,65.33,57.89M,-1.61%
2018-06-20,66.51,67.39,68,66.32,150.57M,-1.31%
2018-06-19,67.39,67.78,68.5,66.75,94.32M,-0.58%
2018-06-18,67.78,67.93,68.22,67.4,117.33M,-0.22%
2018-06-15,67.93,68.03,68.46,67.35,364.53M,-0.15%
2018-06-14,68.03,67.76,68.22,67.1,56.46M,0.40%
2018-06-13,67.76,67.94,69,67.15,108.96M,-0.26%
2018-06-12,67.94,68.5,69.11,67.58,76.03M,-0.79%
2018-06-11,68.48,68.41,69,68.3,40.27M,0.10%
2018-06-08,68.41,67.41,69.2,66.61,106.36M,1.48%
2018-06-07,67.41,68.23,68.4,65.2,57.89M,-1.20%
2018-06-06,68.23,68.69,68.9,68,30.09M,-0.67%
2018-06-05,68.69,69.48,69.83,68.43,34.09M,-1.14%
2018-06-04,69.48,68.4,70,67.7,101.75M,1.58%
2018-06-01,68.4,68.19,68.9,67.3,75.30M,0.31%
2018-05-31,68.19,68.99,77,67.09,161.30M,-1.16%
2018-05-30,68.99,70.99,70.99,68.81,67.11M,-0.56%
2018-05-29,69.38,71.5,71.5,69.02,65.17M,-1.10%
2018-05-28,70.15,71.61,71.99,70.11,37.56M,-1.47%
2018-05-25,71.2,71.61,72,71.03,41.05M,-0.57%
2018-05-24,71.61,72.35,72.53,71.4,78.95M,-1.02%
2018-05-23,72.35,72.12,72.72,71.7,25.58M,0.32%
2018-05-22,72.12,72.22,72.51,71.9,42.61M,-0.14%
2018-05-18,72.22,72.26,73,72.11,35.96M,-0.06%
2018-05-17,72.26,72.32,72.75,72.01,64.53M,-0.08%
2018-05-16,72.32,72.95,72.88,72.11,36.51M,-0.86%
2018-05-15,72.95,73.36,73.85,72.7,28.92M,-0.56%
2018-05-14,73.36,74.5,75.11,71.69,26.40M,-2.33%
2018-05-11,75.11,75.99,76,74.75,28.66M,-0.96%
2018-05-10,75.84,74.87,76,74,29.55M,1.30%
2018-05-09,74.87,75.04,75.65,74.6,21.33M,-0.23%
2018-05-08,75.04,74.99,75.95,74.5,28.21M,0.07%
2018-05-07,74.99,74.98,75.8,74.9,26.70M,1.02%
2018-05-04,74.23,75,75.98,74.11,27.30M,-0.74%
2018-05-03,74.78,76.16,76.18,74.51,49.01M,-1.81%
2018-05-02,76.16,76.37,76.6,75.2,25.96M,-0.27%
2018-04-30,76.37,76.81,77.41,76.01,32.87M,-0.57%
2018-04-27,76.81,76.17,77,76.2,15.47M,0.84%
2018-04-26,76.17,76.36,78,75.62,41.71M,-0.25%
2018-04-25,76.36,76.92,77.5,76.15,33.48M,-0.73%
2018-04-24,76.92,76.93,77.5,76.52,25.26M,-0.01%
2018-04-23,76.93,76.53,77.98,76.53,27.31M,-0.01%
2018-04-20,76.94,77.8,77.8,76.53,37.74M,-1.11%
2018-04-19,77.8,77.64,77.98,77.11,43.98M,0.21%
2018-04-18,77.64,76.76,78,76.8,34.06M,1.15%
2018-04-17,76.76,76.86,77.49,76.49,62.90M,-0.13%
2018-04-16,76.86,76.89,77.57,76.4,7.57M,-0.04%
2018-04-13,76.89,77.83,79.8,75.6,83.29M,-1.21%
2018-04-12,77.83,77.58,78,77.54,27.44M,0.32%
2018-04-11,77.58,76.65,77.98,76.2,33.34M,1.21%
2018-04-10,76.65,76.41,76.9,75.94,52.14M,0.31%
2018-04-09,76.41,75.8,77.45,75.36,107.96M,1.07%
2018-04-06,75.6,76.5,77,75.3,49.88M,-1.18%
2018-04-05,76.5,75.96,77,76,77.51M,0.71%
2018-04-04,75.96,76,76.16,75.22,80.45M,-0.56%
2018-04-03,76.39,76.83,77.89,75.1,76.32M,-0.57%
2018-04-02,76.83,78.23,78.29,76.5,31.78M,-1.79%
2018-03-29,78.23,77.72,79.8,77.27,230.27M,0.66%
2018-03-28,77.72,76.8,78.38,76.5,102.00M,1.20%
2018-03-27,76.8,75.59,77.11,75.99,27.15M,1.60%
2018-03-26,75.59,75.46,76.5,75,18.87M,0.17%
2018-03-23,75.46,75.42,76,75.2,22.24M,0.05%
2018-03-22,75.42,74.77,75.61,74.49,39.37M,0.87%
2018-03-21,74.77,76.61,76.84,73.21,147.18M,-2.40%
2018-03-20,76.61,77.72,77.9,76.08,43.01M,-1.43%
2018-03-19,77.72,77.64,78,77.5,88.25M,0.10%
2018-03-16,77.64,76.62,77.75,76.95,82.85M,1.33%
2018-03-15,76.62,76.73,77,75.98,21.46M,-0.14%
2018-03-14,76.73,76.14,76.85,76.08,27.67M,0.77%
2018-03-13,76.14,77.99,77.99,75.98,21.47M,-1.13%
2018-03-12,77.01,77.5,77.5,76,11.84M,0.14%
2018-03-09,76.9,76.03,77,75.99,49.88M,1.14%
2018-03-08,76.03,75.23,76.1,74.8,62.57M,1.06%
2018-03-07,75.23,74.42,75.5,74,22.71M,1.09%
2018-03-06,74.42,73.84,74.78,73.83,15.08M,0.79%
2018-03-05,73.84,73.68,74,72.55,10.62M,0.22%
2018-03-02,73.68,73.01,73.94,72.5,39.57M,0.92%
2018-03-01,73.01,73.43,76.75,73,17.20M,-0.57%
2018-02-28,73.43,74.01,75.9,73,65.09M,-0.78%
2018-02-27,74.01,76.13,76.99,73.62,66.56M,-2.78%
2018-02-26,76.13,75.37,76.41,75.05,31.17M,1.01%
2018-02-23,75.37,74.66,75.5,72.02,28.34M,0.95%
2018-02-22,74.66,72.89,75,71.8,20.64M,2.43%
2018-02-21,72.89,72.58,73.78,72.46,17.92M,0.43%
2018-02-20,72.58,72.45,73,71.5,31.57M,0.18%
2018-02-19,72.45,73.12,74,72.45,4.11M,-0.92%
2018-02-16,73.12,72.45,73.89,72.54,2.99M,0.92%
2018-02-15,72.45,71.98,74.4,71.63,25.51M,0.65%
2018-02-14,71.98,72.64,74.4,71.41,45.06M,-0.91%
2018-02-13,72.64,74.98,74.98,72.41,19.78M,-0.79%
2018-02-12,73.22,72.12,74.89,72.6,20.99M,1.53%
2018-02-09,72.12,73.24,74.8,72,34.13M,-1.53%
2018-02-08,73.24,75.84,76,73.1,32.11M,-3.43%
2018-02-07,75.84,73.97,77.5,73.9,33.01M,2.53%
2018-02-06,73.97,76.14,77.5,73.6,45.90M,-2.89%
2018-02-05,76.17,77.9,78.49,76,34.48M,-2.22%
2018-02-02,77.9,76.73,78.35,76.73,32.64M,1.52%
2018-02-01,76.73,76.05,78.5,76,77.61M,0.89%
2018-01-31,76.05,76.39,77,75.51,32.31M,-0.45%
2018-01-30,76.39,77.86,78,75.55,29.45M,-1.89%
2018-01-29,77.86,75.7,79.45,75.7,57.40M,-0.21%
2018-01-26,78.02,78.09,78.2,74,29.45M,-0.09%
2018-01-25,78.09,77.07,79.96,77.07,41.91M,1.32%
2018-01-24,77.07,76.33,77.72,74,42.33M,0.97%
2018-01-23,76.33,75.02,76.78,75,24.47M,1.75%
2018-01-22,75.02,75,75.46,72,40.84M,0.03%
2018-01-19,75,74.94,75.7,74.01,26.21M,0.08%
2018-01-18,74.94,75.31,75.88,73.01,70.96M,-0.49%
2018-01-17,75.31,73,75.88,73.01,89.01M,3.16%
2018-01-15,73,73.41,73.98,72.9,7.76M,-0.56%
2018-01-12,73.41,73.5,73.51,72.81,10.95M,-0.12%
2018-01-11,73.5,73.64,73.7,73,38.28M,-0.19%
2018-01-10,73.64,73.39,73.72,73,76.94M,0.34%
2018-01-09,73.39,73.46,73.49,71,96.78M,-0.10%
2018-01-08,73.46,73.01,73.49,73,29.90M,0.62%
2018-01-05,73.01,73.04,73.2,72.5,92.91M,-0.04%
2018-01-04,73.04,72.8,73.38,72,82.49M,0.33%
2018-01-03,72.8,73.32,73.5,72.5,77.94M,-0.71%
2018-01-02,73.32,72.81,73.48,71.89,25.37M,0.70%
2017-12-29,72.81,72.23,73,72.15,11.95M,0.80%
2017-12-28,72.23,71.85,73,71.5,26.24M,0.53%
2017-12-27,71.85,71.02,73.49,70.8,40.34M,1.17%
2017-12-26,71.02,71.09,72,70.18,22.55M,-0.10%
2017-12-22,71.09,71.14,73,71,4.38M,-0.07%
2017-12-21,71.14,71.18,73,70.6,90.38M,-0.06%
2017-12-20,71.18,72.55,73,70.2,80.08M,-1.89%
2017-12-19,72.55,72.2,73.3,71.9,82.37M,-0.14%
2017-12-18,72.65,72.03,74.5,67.51,148.29M,5.11%
2017-12-15,69.12,67.96,69.82,67.12,94.72M,1.71%
2017-12-14,67.96,68.24,69,67.5,56.55M,-0.41%
2017-12-13,68.24,67.83,68.65,67.47,87.29M,0.60%
2017-12-12,67.83,68.58,68.76,67.35,98.84M,-1.09%
2017-12-11,68.58,67.3,68.69,67,29.50M,1.90%
2017-12-07,67.3,68.51,68.65,66.95,87.12M,-1.77%
2017-12-06,68.51,68.76,68.77,68.02,81.35M,-0.36%
2017-12-05,68.76,69.39,69.49,68.25,85.82M,-0.91%
2017-12-04,69.39,69.3,70.19,68.75,48.45M,0.13%
2017-12-01,69.3,68.5,69.5,68.5,30.27M,-0.27%
2017-11-30,69.49,69.72,70.38,68.6,72.16M,-0.33%
2017-11-29,69.72,70.67,71,69.58,43.11M,-1.34%
2017-11-28,70.67,70.39,71,70,108.08M,0.40%
2017-11-27,70.39,69.43,71,69.5,29.61M,1.38%
2017-11-24,69.43,68.59,70,69,41.19M,1.22%
2017-11-23,68.59,68.83,69.5,67.76,16.45M,-0.35%
2017-11-22,68.83,70.48,70.11,68.5,60.54M,-2.34%
2017-11-21,70.48,69.48,71,69.5,37.26M,1.44%
2017-11-20,69.48,72.58,71.2,69.01,41.20M,-4.27%
2017-11-17,72.58,71.97,73.81,72.02,21.36M,0.85%
2017-11-16,71.97,72.28,73.8,71.51,53.02M,-0.43%
2017-11-15,72.28,72.1,73.99,72.05,43.25M,0.25%
2017-11-14,72.1,72.05,73.96,72.06,25.58M,0.07%
2017-11-13,72.05,72.52,72.8,72.03,12.44M,-0.65%
2017-11-10,72.52,73.01,73,72.5,36.25M,-0.67%
2017-11-09,73.01,73.06,73.04,72.6,40.14M,-0.07%
2017-11-08,73.06,73.42,73.5,72.59,25.06M,-0.49%
2017-11-07,73.42,73.9,74.45,73.15,35.47M,-0.65%
2017-11-06,73.9,73.14,74,72.99,33.34M,1.04%
2017-11-03,73.14,73.33,73.76,72.61,49.28M,-0.26%
2017-11-02,73.33,74.19,74,72.09,54.93M,-1.16%
2017-10-31,74.19,75.36,75.25,74.09,86.91M,-1.55%
2017-10-30,75.36,74.73,76,74.31,73.76M,0.84%
2017-10-26,74.73,74.45,75,73.66,22.57M,0.38%
2017-10-25,74.45,74.9,75.5,73.3,17.44M,-0.21%
2017-10-24,74.61,74.69,75.4,74.47,25.95M,-0.11%
2017-10-23,74.69,74.6,75.5,74.5,31.26M,0.12%
2017-10-20,74.6,74.77,75.36,74.1,52.99M,-0.23%
2017-10-19,74.77,74.8,74.95,74.5,26.58M,-0.04%
2017-10-18,74.8,74.96,75.91,74.4,36.74M,-0.21%
2017-10-17,74.96,76.15,76.5,74.77,36.28M,-1.56%
2017-10-16,76.15,75.9,76.35,75.82,24.83M,0.33%
2017-10-13,75.9,76.4,76.45,75,20.55M,-0.65%
2017-10-12,76.4,77.47,77.45,76.17,43.17M,-1.38%
2017-10-11,77.47,78.66,78.8,76.62,35.86M,-1.51%
2017-10-10,78.66,79.49,79.49,78.24,33.06M,-0.79%
2017-10-06,79.29,78.79,79.5,78.3,32.55M,0.63%
2017-10-05,78.79,78.91,79,78,20.78M,-0.15%
2017-10-04,78.91,78.34,79,77.89,33.72M,0.73%
2017-10-03,78.34,79,79,77.1,20.59M,-0.60%
2017-10-02,78.81,78.04,78.95,77.89,22.37M,0.99%
2017-09-29,78.04,77,78.39,77,33.10M,1.35%
2017-09-28,77,76.55,77.5,76.55,123.43M,0.59%
2017-09-27,76.55,76.63,76.68,76.31,85.92M,-0.10%
2017-09-26,76.63,75.72,76.79,75.73,81.18M,1.20%
2017-09-25,75.72,74.19,76,73.8,27.96M,2.06%
2017-09-22,74.19,74.79,74.8,73.24,10.96M,-0.80%
2017-09-21,74.79,73.58,75,73.24,23.82M,1.64%
2017-09-20,73.58,73.99,74,73,82.17M,0.68%
2017-09-15,73.08,72.87,73.47,72.14,43.88M,0.29%
2017-09-14,72.87,73.11,73.15,72.8,13.04M,-0.33%
2017-09-13,73.11,73.67,73.5,72.34,19.03M,-0.76%
2017-09-12,73.67,73.99,74.25,73.26,15.40M,-0.43%
2017-09-11,73.99,72.72,74.1,72.71,28.53M,1.75%
2017-09-08,72.72,71.9,73.49,71.64,24.67M,1.14%
2017-09-07,71.9,71.92,72.63,70.73,29.10M,-0.03%
2017-09-06,71.92,72.89,73.1,71.6,11.64M,-1.33%
2017-09-05,72.89,73.81,73.99,72.5,35.27M,-1.25%
2017-09-04,73.81,74.61,74.64,73.23,14.45M,-1.07%
2017-09-01,74.61,73.99,75,73.4,21.23M,0.84%
2017-08-31,73.99,73.75,75,73.19,43.62M,0.33%
2017-08-30,73.75,75.5,75.65,73.52,24.27M,-2.32%
2017-08-29,75.5,74,75.7,73.5,68.62M,2.40%
2017-08-28,73.73,71.51,74.01,71.51,70.99M,4.60%
2017-08-25,70.49,70.26,70.8,70.07,14.36M,0.33%
2017-08-24,70.26,70,70.35,69.8,30.21M,0.34%
2017-08-23,70.02,70.49,70.5,69.8,26.83M,-0.67%
2017-08-22,70.49,70.42,70.61,70.15,26.92M,0.10%
2017-08-21,70.42,70.84,71.38,70.1,36.35M,-0.59%
2017-08-18,70.84,71.35,71.37,70.58,34.88M,-0.71%
2017-08-17,71.35,71.65,72,71.15,51.12M,-0.42%
2017-08-16,71.65,71.3,72.7,71.29,50.42M,0.46%
2017-08-14,71.32,70.96,71.7,70.96,12.41M,0.51%
2017-08-11,70.96,70.78,71,70.31,14.58M,0.25%
2017-08-10,70.78,70.89,70.9,70,43.63M,0.78%
2017-08-09,70.23,70.36,70.39,69.8,25.15M,-0.18%
2017-08-08,70.36,70.14,70.7,69,27.84M,0.31%
2017-08-07,70.14,70.43,70.76,70,19.95M,-0.41%
2017-08-04,70.43,70.03,71,69.9,71.48M,0.57%
2017-08-03,70.03,70.55,70.54,69.86,39.88M,-0.74%
2017-08-02,70.55,70.98,71.72,70.35,51.35M,-0.61%
2017-08-01,70.98,70.67,71.12,70.1,49.07M,0.44%
2017-07-31,70.67,71.84,72.45,70.35,58.20M,-1.63%
2017-07-28,71.84,71.84,71.9,70.64,40.65M,0.00%
2017-07-27,71.84,72.93,72.51,71.56,47.14M,-1.49%
2017-07-26,72.93,73.99,73.99,72.38,28.44M,-1.43%
2017-07-25,73.99,74.56,74.65,73.5,47.93M,-0.76%
2017-07-24,74.56,72.94,74.65,71.01,47.73M,2.22%
2017-07-21,72.94,73.15,73.6,72,60.45M,-0.29%
2017-07-20,73.15,73.8,73.8,72.88,48.21M,-0.88%
2017-07-19,73.8,75.64,75.01,73.7,28.96M,-2.43%
2017-07-18,75.64,75.62,75.9,74,28.14M,0.03%
2017-07-17,75.62,74.88,76,74.5,25.42M,0.99%
2017-07-14,74.88,74.98,75.35,74.5,35.09M,-0.13%
2017-07-13,74.98,74.63,75.29,74.56,45.62M,0.47%
2017-07-12,74.63,74.43,74.81,73.9,24.17M,0.27%
2017-07-11,74.43,74.66,74.91,74.15,21.46M,-0.31%
2017-07-10,74.66,73.09,75,73.03,32.58M,2.15%
2017-07-07,73.09,72.89,73.46,72.7,25.51M,0.27%
2017-07-06,72.89,73.29,73.1,72.8,19.06M,-0.55%
2017-07-05,73.29,74.38,73.35,72.5,41.90M,-1.47%
2017-07-04,74.38,73.67,74.95,73,11.23M,0.96%
2017-07-03,73.67,72.8,73.79,72.4,22.15M,1.20%
2017-06-30,72.8,71.69,73.49,71.75,29.17M,1.55%
2017-06-29,71.69,72.81,72.5,71.55,34.23M,-1.54%
2017-06-28,72.81,73.21,73.5,72.51,29.30M,-0.55%
2017-06-27,73.21,73.41,73.5,72.28,12.95M,-0.27%
2017-06-23,73.41,74,73.98,73.01,20.62M,-0.80%
2017-06-22,74,73.68,74,73.61,11.29M,0.43%
2017-06-21,73.68,73.7,74.25,73.36,82.97M,-0.03%
2017-06-20,73.7,73.85,74.71,73.2,28.65M,-0.20%
2017-06-19,73.85,73.3,74.34,73.3,17.47M,0.59%
2017-06-16,73.42,73.78,74.5,73,41.67M,-0.49%
2017-06-15,73.78,73.97,74.4,72.92,15.58M,-0.26%
2017-06-14,73.97,73.6,74.27,73.15,20.21M,0.50%
2017-06-13,73.6,73.65,74.3,73.37,12.42M,-0.07%
2017-06-12,73.65,74.32,74.9,73.5,13.64M,-0.90%
2017-06-09,74.32,74.84,75.32,74.03,13.86M,-0.69%
2017-06-08,74.84,75.2,75.08,74.5,29.92M,-0.48%
2017-06-07,75.2,75.32,75.49,74.7,10.15M,-0.16%
2017-06-06,75.32,75.49,75.51,75.2,57.15M,-0.23%
2017-06-05,75.49,75.87,76,74.5,18.82M,-0.50%
2017-06-02,75.87,75.9,75.93,75.35,30.31M,-0.04%
2017-06-01,75.9,74.31,76,75.04,19.46M,2.14%
2017-05-31,74.31,75.93,75.93,73.45,42.92M,-2.13%
2017-05-30,75.93,75.86,76,75.38,9.75M,0.09%
2017-05-29,75.86,75.3,75.9,75.1,4.80M,0.74%
2017-05-26,75.3,75.9,75.5,74.94,9.83M,-0.79%
2017-05-25,75.9,76.17,76,75.7,18.92M,-0.35%
2017-05-24,76.17,75.68,76.49,75.48,52.55M,1.30%
2017-05-23,75.19,74.02,75.5,73.5,16.68M,1.58%
2017-05-22,74.02,75.81,74.77,73.7,31.39M,-2.36%
2017-05-19,75.81,75.89,76.5,75.5,13.30M,-0.11%
2017-05-18,75.89,76.08,76.25,75.4,44.61M,-0.25%
2017-05-17,76.08,76.02,76.39,74.99,19.03M,0.08%
2017-05-16,76.02,75.84,76.39,75.66,18.19M,0.24%
2017-05-15,75.84,75.57,75.94,75,17.01M,0.36%
2017-05-12,75.57,74.21,75.7,74.9,14.55M,1.83%
2017-05-11,74.21,73.87,74.9,73.9,32.14M,0.46%
2017-05-10,73.87,74.13,74.15,73.61,60.15M,-0.35%
2017-05-09,74.13,72.86,74.21,72.86,21.54M,1.74%
2017-05-08,72.86,73.48,74,72.5,23.85M,-0.84%
2017-05-05,73.48,73.86,76,72.55,16.91M,-0.51%
2017-05-04,73.86,73.59,74,72.15,23.34M,0.37%
2017-05-03,73.59,75.17,75.5,73.2,35.19M,-2.10%
2017-05-02,75.17,73.64,75.48,73.63,50.77M,2.08%
2017-04-28,73.64,74.08,75,72.92,17.50M,-0.59%
2017-04-27,74.08,73.53,75,73,28.64M,-0.34%
2017-04-26,74.33,72.97,74.5,73,38.96M,1.86%
2017-04-25,72.97,72.05,73,72,53.43M,1.28%
2017-04-24,72.05,70.16,72.23,70.53,53.17M,2.69%
2017-04-21,70.16,70.67,70.47,69.85,35.80M,-0.72%
2017-04-20,70.67,71.81,72.1,70.25,51.63M,-1.66%
2017-04-18,71.86,73.15,73.1,71.8,15.65M,-1.76%
2017-04-17,73.15,73.73,73.41,73.1,20.10M,-0.79%
2017-04-13,73.73,72.98,73.85,72.98,4.39M,1.03%
2017-04-12,72.98,73.03,74,72.5,145.81M,-0.07%
2017-04-11,73.03,73.1,74.36,72.85,31.59M,-0.10%
2017-04-10,73.1,73.87,74.35,72.78,11.05M,-1.04%
2017-04-07,73.87,73.88,74,73.5,22.35M,-0.01%
2017-04-06,73.88,74.33,74.5,73.69,22.73M,-0.61%
2017-04-05,74.33,74,74.5,73.5,33.93M,0.94%
2017-04-04,73.64,73.48,74.04,73.19,39.46M,0.22%
2017-04-03,73.48,73.04,73.6,72.2,14.86M,0.60%
2017-03-31,73.04,72.95,73.25,72.54,23.92M,0.12%
2017-03-30,72.95,72.28,73.23,72.2,124.64M,0.93%
2017-03-29,72.28,72.4,72.5,71.98,59.08M,-0.08%
2017-03-28,72.34,70.42,72.95,70.51,45.32M,2.73%
2017-03-27,70.42,69.65,70.6,69.31,36.20M,1.11%
2017-03-24,69.65,69.46,70.45,69.01,22.12M,0.27%
2017-03-23,69.46,68.88,70.76,68.22,26.05M,0.84%
2017-03-22,68.88,70.31,70.75,68.2,52.49M,-2.03%
2017-03-21,70.31,70.18,70.59,68.01,48.69M,0.19%
2017-03-20,70.18,69.89,70.8,69,17.29M,0.41%
2017-03-17,69.89,69.72,70.99,69.21,62.83M,0.24%
2017-03-16,69.72,68.21,70.22,68.23,34.51M,2.21%
2017-03-15,68.21,68.55,68.54,67.73,19.31M,-0.50%
2017-03-14,68.55,69.93,69,68,37.31M,-1.97%
2017-03-13,69.93,67.35,70,67.23,23.97M,3.83%
2017-03-10,67.35,67.1,67.47,67.1,12.43M,0.37%
2017-03-09,67.1,67.7,67.7,66.96,39.15M,-0.89%
2017-03-08,67.7,67.64,68.5,67.49,30.12M,0.09%
2017-03-07,67.64,66.46,68.47,66.2,19.37M,1.78%
2017-03-06,66.46,66.15,66.7,65.2,23.36M,0.47%
2017-03-03,66.15,65.5,66.42,65.5,25.79M,-0.18%
2017-03-02,66.27,66.16,66.5,65.5,26.34M,0.17%
2017-03-01,66.16,66.59,66.59,66,19.39M,-0.65%
2017-02-28,66.59,65.75,66.93,65.7,50.27M,1.28%
2017-02-27,65.75,65.03,66,64.9,10.09M,1.11%
2017-02-24,65.03,64.67,65.28,64.03,17.18M,0.56%
2017-02-23,64.67,65.47,66,61.05,37.47M,-1.22%
2017-02-22,65.47,66.5,66.41,64.5,26.34M,-1.55%
2017-02-21,66.5,66.91,66.98,65,46.03M,-0.61%
2017-02-20,66.91,65.76,66.97,65.8,1.76M,1.75%
2017-02-17,65.76,65.58,65.96,65.2,11.17M,0.27%
2017-02-16,65.58,65.83,66.27,65,12.09M,-0.38%
2017-02-15,65.83,65.14,66.5,64.75,23.65M,1.06%
2017-02-14,65.14,64.52,65.59,64.55,29.14M,0.96%
2017-02-13,64.52,63.13,64.97,63.7,32.27M,2.20%
2017-02-10,63.13,63.48,64,62.7,21.32M,-0.55%
2017-02-09,63.48,63.33,64,63.33,20.57M,0.24%
2017-02-08,63.33,62.35,63.47,61.97,12.96M,1.57%
2017-02-07,62.35,62.01,62.7,61.55,32.53M,0.55%
2017-02-06,62.01,62.19,62.74,61.11,22.39M,-0.29%
2017-02-03,62.19,61.32,62.58,61,28.05M,1.42%
2017-02-02,61.32,61.36,62,61,28.19M,-0.07%
2017-02-01,61.36,62.44,63,61.17,38.59M,-1.73%
2017-01-31,62.44,63.79,63.49,62.1,59.62M,-2.12%
2017-01-30,63.79,65,65,63.2,33.25M,-2.00%
2017-01-27,65.09,65.93,66,64.9,20.94M,-1.27%
2017-01-26,65.93,66.04,67.01,65.5,121.80M,-0.17%
2017-01-25,66.04,65.15,66.38,65.05,36.86M,1.37%
2017-01-24,65.15,65.03,65.5,64.86,36.35M,0.18%
2017-01-23,65.03,65.98,66,64.71,63.79M,-1.44%
2017-01-20,65.98,66.38,67,65.5,27.00M,-0.60%
2017-01-19,66.38,64.21,66.5,63.94,38.32M,3.38%
2017-01-18,64.21,63.65,64.4,63.8,15.87M,0.88%
2017-01-17,63.65,63.27,63.8,63,7.96M,0.60%
2017-01-16,63.27,63.04,64.41,63.1,12.22M,0.36%
2017-01-13,63.04,63.8,64.4,63.02,28.66M,-1.19%
2017-01-12,63.8,64.07,64.49,63.02,48.38M,-0.42%
2017-01-11,64.07,63,64.3,62.8,22.43M,1.70%
2017-01-10,63,62.34,63,62.11,10.19M,1.06%
2017-01-09,62.34,63.03,63.45,62.1,9.96M,-1.09%
2017-01-06,63.03,63.34,63.59,62.24,9.66M,-0.49%
2017-01-05,63.34,62.29,63.45,62,35.40M,1.69%
2017-01-04,62.29,62.25,62.45,62.01,19.64M,0.06%
2017-01-03,62.25,62.01,63,62.01,19.02M,0.39%
2016-12-30,62.01,62.13,62.49,61.1,9.95M,-0.19%
2016-12-29,62.13,61.6,62.81,61.6,33.21M,0.86%
2016-12-28,61.6,59.46,63,59.46,32.77M,3.60%
2016-12-27,59.46,60.01,62.99,58.65,17.60M,-0.92%
2016-12-26,60.01,60.21,63.01,60,5.39M,-0.33%
2016-12-23,60.21,62.65,63,60,53.06M,-3.89%
2016-12-22,62.65,62.81,63.03,62.1,37.76M,-0.25%
2016-12-21,62.81,62.79,63,62.6,9.45M,0.03%
2016-12-20,62.79,63.38,63.38,62.66,10.78M,-0.93%
2016-12-19,63.38,63.28,64.1,62.33,11.68M,0.16%
2016-12-16,63.28,62.74,63.57,62.35,36.48M,0.86%
2016-12-15,62.74,62.63,62.99,62.2,28.71M,0.18%
2016-12-14,62.63,63.17,63.17,62.5,14.64M,-0.85%
2016-12-13,63.17,63,63.76,62.5,20.67M,0.75%
2016-12-12,62.7,62.79,63.75,61.95,16.70M,-0.14%
2016-12-09,62.79,63.26,63.7,62,46.41M,-0.74%
2016-12-07,63.26,63.75,63.76,62.9,18.54M,-0.77%
2016-12-06,63.75,63.63,64,62.2,19.22M,0.19%
2016-12-05,63.63,64.1,64.99,62.95,8.52M,-0.73%
2016-12-02,64.1,63.82,64.3,63.7,20.36M,0.44%
2016-12-01,63.82,63.58,64.4,63.12,37.17M,0.38%
2016-11-30,63.58,63.24,64.21,62.51,70.46M,0.54%
2016-11-29,63.24,62.7,64.2,62.2,27.10M,0.86%
2016-11-28,62.7,63.73,64.51,62.59,14.51M,-1.62%
2016-11-25,63.73,62.96,64.5,62.5,37.64M,1.22%
2016-11-24,62.96,64.46,64.22,62.7,4.27M,-2.33%
2016-11-23,64.46,61.88,64.5,61.8,15.64M,4.17%
2016-11-22,61.88,61.72,63,61.3,92.16M,0.26%
2016-11-21,61.72,62.29,62.49,61.7,21.24M,-0.92%
2016-11-18,62.29,62.55,63,62,12.60M,-0.42%
2016-11-17,62.55,62.6,63,62.01,56.65M,-0.08%
2016-11-16,62.6,62.84,63.95,61.12,35.82M,-0.38%
2016-11-15,62.84,63.14,65.17,62.1,39.68M,-0.48%
2016-11-14,63.14,64.58,66,62.06,25.10M,-2.23%
2016-11-11,64.58,65.01,66.08,63.3,27.94M,-0.66%
2016-11-10,65.01,68.14,68.51,64.03,86.42M,-4.59%
2016-11-09,68.14,67.49,68.33,66.5,14.15M,0.96%
2016-11-08,67.49,67.75,67.76,66.75,11.05M,-0.38%
2016-11-07,67.75,67.77,68.5,67,10.18M,-0.03%
2016-11-04,67.77,67.79,68.04,67.2,45.26M,-0.03%
2016-11-03,67.79,66.75,68,66.4,46.85M,1.56%
2016-11-02,66.75,65.4,67,65.4,18.06M,2.06%
2016-10-28,65.4,64.44,66,63.7,81.28M,1.49%
2016-10-27,64.44,64.57,67.01,64.06,13.13M,-0.20%
2016-10-26,64.57,65.36,67,64.5,33.01M,-1.21%
2016-10-25,65.36,66.74,69.4,65.2,28.68M,-2.07%
2016-10-24,66.74,67.86,67.25,66.57,30.05M,-1.65%
2016-10-21,67.86,67.75,68,67.5,9.68M,0.16%
2016-10-20,67.75,69.77,70.15,67.54,28.79M,-2.90%
2016-10-19,69.77,69.35,70.09,68.85,18.58M,0.61%
2016-10-18,69.35,68.42,69.5,67.91,33.47M,1.36%
2016-10-17,68.42,67.49,68.7,67.36,18.26M,1.38%
2016-10-14,67.49,67.87,68.09,67.19,11.82M,-0.56%
2016-10-13,67.87,67.39,68.65,66.5,30.82M,0.71%
2016-10-12,67.39,66.67,67.5,65.9,22.29M,1.08%
2016-10-11,66.67,66.22,67.5,64.75,16.11M,0.68%
2016-10-07,66.22,65.11,66.55,65.11,27.24M,1.70%
2016-10-06,65.11,65.43,65.89,64.55,21.51M,-0.49%
2016-10-05,65.43,65.44,65.93,64.5,17.31M,-0.02%
2016-10-04,65.44,62.83,65.89,63.3,31.20M,4.15%
2016-10-03,62.83,60.7,67.01,60.8,31.80M,3.51%
2016-09-30,60.7,63.25,67,60.48,94.26M,-4.03%
2016-09-29,63.25,65.73,68.01,63.06,25.96M,-3.77%
2016-09-28,65.73,65.9,68,65.55,44.31M,-0.26%
2016-09-27,65.9,67.7,67.7,65.52,42.73M,-1.73%
2016-09-26,67.06,69.37,69.37,66.9,16.81M,-3.33%
2016-09-23,69.37,69.5,70,68.66,20.59M,-0.19%
2016-09-22,69.5,68.6,71,68.61,15.44M,1.31%
2016-09-21,68.6,69.62,70.01,68.15,17.66M,-1.47%
2016-09-20,69.62,68.84,70,67.51,50.32M,1.13%
2016-09-16,68.84,69.2,69.99,68,24.51M,-0.52%
2016-09-15,69.2,70.15,70.17,69,13.90M,-1.35%
2016-09-14,70.15,71.44,71.5,70,10.02M,-1.81%
2016-09-13,71.44,71.15,71.79,70.5,16.05M,0.41%
2016-09-12,71.15,71.83,71.59,70.5,9.84M,-0.95%
2016-09-09,71.83,71.08,72.21,70.99,12.00M,1.06%
2016-09-08,71.08,71.39,71.8,70.47,29.51M,-0.43%
2016-09-07,71.39,72.21,72.21,71.19,6.98M,-1.14%
2016-09-06,72.21,72.59,72.72,71.4,22.07M,-1.10%
2016-09-05,73.01,73.74,73.49,72.51,4.63M,-0.99%
2016-09-02,73.74,73.87,74.41,72.86,21.67M,-0.18%
2016-09-01,73.87,72.84,74.4,72.53,20.91M,1.41%
2016-08-31,72.84,74.14,74.51,72.49,41.04M,-1.75%
2016-08-30,74.14,73.78,74.5,73.99,75.45M,0.49%
2016-08-29,73.78,73.93,75.26,73.25,25.48M,-0.20%
2016-08-26,73.93,72.29,74.45,72.29,16.05M,-0.38%
2016-08-25,74.21,74.39,75.28,73.01,44.04M,-0.24%
2016-08-24,74.39,74.17,74.6,74.1,32.28M,0.30%
2016-08-23,74.17,74.48,74.5,73,63.81M,0.04%
2016-08-22,74.14,73.85,74.49,72.71,17.02M,0.39%
2016-08-19,73.85,73.45,76.01,73.11,54.77M,0.54%
2016-08-18,73.45,70.18,76,70.2,65.70M,4.66%
2016-08-17,70.18,73.31,75.91,70,65.50M,-4.27%
2016-08-16,73.31,76,76,72.6,62.84M,-3.50%
2016-08-12,75.97,76.33,77.48,75.31,48.66M,-0.47%
2016-08-11,76.33,77.81,77.52,75.51,24.43M,-1.90%
2016-08-10,77.81,78.63,79,77.5,14.16M,-1.04%
2016-08-09,78.63,77.9,78.99,77.21,26.78M,0.94%
2016-08-08,77.9,77.18,78.6,76.75,71.22M,0.93%
2016-08-05,77.18,77.61,78.45,76.43,26.15M,-0.55%
2016-08-04,77.61,77.5,78,77.01,34.15M,-0.23%
2016-08-03,77.79,76.05,77.85,76,10.79M,2.29%
2016-08-02,76.05,75.97,76.75,75.15,15.77M,0.11%
2016-08-01,75.97,76.17,77.51,75.44,26.26M,-0.26%
2016-07-29,76.17,76.88,77.5,75.35,27.81M,-0.92%
2016-07-28,76.88,77.09,78.01,76.03,24.43M,-0.27%
2016-07-27,77.09,77.45,78,76.84,20.47M,-0.46%
2016-07-26,77.45,77.65,77.9,77.2,42.45M,-0.26%
2016-07-25,77.65,77.46,78,76.04,17.19M,0.25%
2016-07-22,77.46,77.32,78,76.5,17.56M,0.18%
2016-07-21,77.32,76.51,77.8,75.94,18.23M,1.06%
2016-07-20,76.51,77.83,78,75.61,54.39M,-1.70%
2016-07-19,77.83,77.4,78,76.5,26.98M,0.56%
2016-07-18,77.4,76.98,78,75.51,16.41M,0.55%
2016-07-15,76.98,75.96,77.7,75.96,27.45M,1.34%
2016-07-14,75.96,76.1,77.54,75,41.77M,-0.18%
2016-07-13,76.1,77.31,77.9,75.1,37.91M,-1.57%
2016-07-12,77.31,76.45,78,76.45,34.19M,1.12%
2016-07-11,76.45,75.5,77,75.31,17.34M,1.26%
2016-07-08,75.5,76.74,76.9,75.01,9.16M,-1.62%
2016-07-07,76.74,76.94,77.08,76.1,25.45M,-0.26%
2016-07-06,76.94,76.93,77.12,76,22.19M,0.01%
2016-07-05,76.93,76.94,77.1,76,32.53M,-0.01%
2016-07-04,76.94,76.85,77.8,76.72,3.55M,0.12%
2016-07-01,76.85,77.57,78,76.31,26.85M,-0.93%
2016-06-30,77.57,77.42,78,76.5,30.59M,0.19%
2016-06-29,77.42,77.17,78,76.48,23.57M,0.32%
2016-06-28,77.17,77.97,78,76,23.79M,-1.03%
2016-06-24,77.97,77.24,78.63,75.25,37.75M,0.95%
2016-06-23,77.24,76.99,79.3,76,27.13M,0.32%
2016-06-22,76.99,77.37,78.5,76.5,23.46M,-0.49%
2016-06-21,77.37,77.47,79.47,76.25,35.53M,-0.13%
2016-06-20,77.47,76.64,78.1,76.64,19.71M,1.08%
2016-06-17,76.64,75.83,77.3,74.5,56.51M,1.07%
2016-06-16,75.83,75.14,75.9,73.94,42.37M,0.92%
2016-06-15,75.14,75.05,75.59,75,18.55M,0.12%
2016-06-14,75.05,75.53,78.66,75,26.18M,-0.64%
2016-06-13,75.53,76.21,78.65,75.16,24.65M,-0.89%
2016-06-10,76.21,77.24,79.11,76.2,13.13M,-1.33%
2016-06-09,77.24,78.81,79.1,76,88.48M,-1.99%
2016-06-08,78.81,78.93,79.5,78.17,49.54M,-0.15%
2016-06-07,78.93,78.55,79.5,78.45,19.65M,0.41%
2016-06-06,78.61,79.29,79.6,78.18,14.78M,-0.86%
2016-06-03,79.29,78.98,79.5,78.25,80.28M,0.39%
2016-06-02,78.98,79.42,79.81,78.7,44.73M,-0.55%
2016-06-01,79.42,79.3,79.51,78.5,48.18M,0.15%
2016-05-31,79.3,78.5,79.5,78.11,93.74M,1.15%
2016-05-30,78.4,77.69,78.49,77.31,8.52M,0.91%
2016-05-27,77.69,77.24,78.15,77.1,20.68M,0.58%
2016-05-26,77.24,77.97,78,77.2,39.32M,-0.94%
2016-05-25,77.97,75.34,78.2,75.5,74.58M,3.49%
2016-05-24,75.34,74.84,76.9,74,103.89M,0.67%
2016-05-23,74.84,75.56,76.7,74,32.82M,-0.95%
2016-05-20,75.56,76.37,78.9,75.5,17.59M,-1.06%
2016-05-19,76.37,77.23,78.2,75.6,40.80M,-1.11%
2016-05-18,77.23,80.94,82.51,76.28,91.79M,-4.58%
2016-05-17,80.94,81.07,82.5,79.25,26.11M,-0.16%
2016-05-16,81.07,82.04,82.95,79,35.74M,-1.18%
2016-05-13,82.04,81.97,82.5,81.9,17.36M,0.09%
2016-05-12,81.97,81.61,82.79,81.81,47.56M,0.44%
2016-05-11,81.61,81.54,82.5,80.52,39.27M,0.09%
2016-05-10,81.54,81.48,82.5,80.5,58.87M,0.07%
2016-05-09,81.48,81.9,82.25,79.5,30.48M,-0.51%
2016-05-06,81.9,82.3,82.5,81.37,58.03M,-0.49%
2016-05-05,82.3,81.75,83.01,81.46,62.47M,0.67%
2016-05-04,81.75,82.63,83,80.75,89.87M,-1.06%
2016-05-03,82.63,82.7,82.75,81.05,22.88M,-0.08%
2016-05-02,82.7,80.91,82.97,81.5,48.31M,2.21%
2016-04-29,80.91,82.37,82.5,80,53.77M,-1.77%
2016-04-28,82.37,82.74,83.95,81.06,51.99M,-0.45%
2016-04-27,82.74,84.57,84.2,81.01,19.14M,-2.16%
2016-04-26,84.57,86.04,87,82.51,33.21M,-1.71%
2016-04-25,86.04,88.99,88.35,83.5,13.78M,-3.31%
2016-04-22,88.99,88.11,89.9,87.37,9.71M,1.00%
